Question,CorrectAnswer,GivenAnswer,Correct
"Quale dei seguenti paesi ha emesso più CO2 pro capite nel 2017?
A.Giappone
B.Canada
C.Russia
D.Iran",b,b. canada,true
"Qual è la lingua madre dell'attore Antonio Banderas?
A.Spagnolo
B.Russo
C.Tedesco
D.Francese",a,a. spagnolo,true
"Quale dei seguenti insiemi di stringhe di bit NON può essere descritto con un'espressione regolare?
A.Tutte le stringhe di bit il cui numero di zeri è un multiplo di cinque
B.Tutte le stringhe di bit che iniziano con uno zero e terminano con uno
C.Tutte le stringhe di bit con un numero pari di zeri
D.Tutte le stringhe di bit con più uno che zero",d,c.,false
"Un programmatore ha scritto il programma qui sotto. Il programma utilizza un elenco di numeri chiamato numList. Il programma ha lo scopo di visualizzare la somma dei numeri nell'elenco.
 somma ← numList [1]
 PER OGNI valore IN numList
 somma ← somma + valore
 VISUALIZZA somma
 Per testare il programma, il programmatore inizializza numList a [0 , 1 , 4 , 5]. Il programma visualizza 10 e il programmatore conclude che il programma funziona come previsto. Quale delle seguenti affermazioni è vera?
A.La conclusione è corretta; Il programma funziona come previsto.
B.La conclusione non è corretta; Il programma non visualizza il valore corretto per il caso di test [0, 1, 4, 5].
C.La conclusione non è corretta; L'utilizzo del caso di test [0, 1, 4, 5] non è sufficiente per concludere che il programma è corretto.
D.La conclusione non è corretta; L'uso del caso di test [0, 1, 4, 5] conferma solo che il programma funziona per le liste in ordine crescente.",c,d.,false
"Nel piano xy, il grafico di x^(log y) = y^log x è
A.Il primo quadrante aperto
B.una curva chiusa
C.un raggio nel primo quadrante aperto
D.un unico punto",a,b. una curva chiusa,false
" Questo strumento di marketing e comunicazione offre un incentivo diretto o un incentivo per incoraggiare i clienti ad acquistare un prodotto/servizio:
A.Pubblicità.
B.Pubbliche relazioni.
C.Promozione delle vendite.
D.Marketing diretto.",c,c. promozione delle vendite.,true
"La tensione indotta in un induttore è rappresentata come,
A.prodotto della sua induttanza e della corrente che lo attraversa.
B.rapporto tra la sua induttanza e la corrente che lo attraversa.
C.rapporto tra la corrente che lo attraversa e la sua induttanza.
D.prodotto della sua induttanza e della velocità di variazione della corrente attraverso di esso.",d,a.,false
"È molto probabile che l'impotenza appresa sia direttamente correlata a
A.l'effetto Barnum.
B.pregiudizi egoistici.
C.un locus of control esterno.
D.considerazione positiva incondizionata.",c,c. un locus of control esterno.,true
"La convalida incrociata K-fold è
A.lineare in K
B.quadratico in K
C.cubico in K
D.esponenziale in K",a,a. lineare in k,true
"Trova la lunghezza della curva y = ln x tra i punti in cui y = 1/2 e y = 1.
A.0.53
B.0.86
C.1.18
D.1.36",c,c.1.18,true
"Qual è il termine per indicare la misura in cui la concorrenza in un paese è influenzata dalla concorrenza in altri paesi?
A.Commercio internazionale
B.Economia globale
C.Concorrenza globale
D.Globalizzazione",d,d. globalizzazione,true
"Quale prospettiva psicologica era più popolare all'inizio del XX secolo nell'Europa occidentale?
A.neuroscienza
B.evolutivo
C.Comportamentista
D.psicoanalitico",d,d. psicoanalitico,true
"L'energia rilasciata dalla scomposizione dei fosfati ad alta energia, ATP e fosfocreatina, può sostenere lo sforzo massimo per circa:
A.1-2 secondi.
B.5-10 secondi.
C.30-40 secondi.
D.50-60 secondi.",b,a. 1-2 secondi.,false
"Qual è la lingua ufficiale dei Paesi Bassi?
A.Danese
B.Svedese
C.Tedesco
D.Olandese",d,d. olandese,true
"Le mutazioni che causano l'acondroplasia esercitano un effetto che può essere classificato come:
A.negativo dominante.
B.guadagno di funzione.
C.aploinsufficienza.
D.perdita di funzione.",b,b. guadagno di funzione.,false
"Un carro armato ha la forma di un prisma triangolare. Se la base triangolare ha un'area di 116 piedi quadrati e il serbatoio è alto 30 piedi, quanta acqua conterrebbe il serbatoio quando è pieno?
A.1725 ft^3
B.1740 piedi^3
C.3480 ft^3
D.6960 ft^3",c,la risposta corretta è c. 3480 ft^3,true
"Quale di questi rende la determinazione della parentela evolutiva di specie diverse basata sulla sequenza amminoacidica di proteine omologhe generalmente meno accurata rispetto alle determinazioni di parentela basate sulle sequenze nucleotidiche di geni omologhi?
A.Mutazioni silenti
B.Duplicazioni geniche
C.Eventi di traslocazione che modificano le sequenze geniche
D.Incrocio",a,a. mutazioni silenti,true
"Un numero, arrotondato al migliaio più vicino, è 47.000. Quale numero potrebbe essere il numero che è stato arrotondato?
A.46,295
B.46,504
C.47,520
D.47,924",b,"b.46,504",true
"Questa domanda si riferisce alle seguenti informazioni.
In primo luogo dobbiamo osservare che il cosmo è di forma sferica, in parte perché questa forma, essendo un tutto perfetto che non ha giunture, è la più completa di tutte, in parte perché fa la forma più capiente, che è più adatta a contenere e conservare tutto; o ancora perché tutte le parti costitutive dell'universo, cioè il sole, la luna e i pianeti appaiono in questa forma; o perché tutto si sforza di raggiungere questa forma, come appare nel caso delle gocce d'acqua e di altri corpi fluidi se tentano di definirsi. Quindi nessuno dubiterà che questa forma appartenga ai corpi celesti. ...
Che la terra sia anche sferica è quindi fuori discussione, perché preme da tutti i lati sul suo centro. Sebbene a causa delle elevazioni delle montagne e delle depressioni delle valli non si possa comprendere un cerchio perfetto, tuttavia ciò non influisce sulla natura sferica generale della terra. ...
Poiché è già stato dimostrato che la terra ha la forma di una sfera, dobbiamo considerare se anche un movimento coincide con questa forma, e quale posto occupa la terra nell'universo. ... La grande maggioranza degli autori è naturalmente d'accordo sul fatto che la terra è ferma al centro dell'universo, e considera inconcepibile e ridicolo supporre il contrario. Ma se si soppesa attentamente la questione, si vedrà che la questione non è ancora risolta e quindi non deve essere affatto presa alla leggera. Ogni cambiamento di luogo che si osserva è dovuto, cioè, a un movimento dell'oggetto osservato o dell'osservatore, o a movimenti di entrambi. ... Ora è dalla terra che si osserva la rivoluzione dei cieli che si produce per i nostri occhi. Perciò, se la terra non subisce alcun movimento, questo movimento deve avvenire in ogni cosa al di fuori della terra, ma nella direzione opposta a quella che avrebbe se tutto ciò che si muoverebbe sulla terra, e di questo genere è la rivoluzione quotidiana. Quindi questo sembra influenzare l'intero universo, cioè tutto ciò che è al di fuori della terra con la sola eccezione della terra stessa. Se, tuttavia, si ammettesse che questo movimento non era peculiare dei cieli, ma che la terra ruotava da ovest a est, e se questo fosse attentamente considerato riguardo all'apparente sorgere e tramontare del sole, della luna e delle stelle, si scoprirebbe che questa era la situazione reale.
Nicolas Copernico, Le rivoluzioni dei corpi celesti, 1543
Il passaggio può essere usato come prova che Copernico differiva dai tradizionali filosofi naturali aristotelici del suo tempo, perché suggeriva che
A.il cosmo è sferico
B.la Terra è sferica
C.Il cosmo è geostatico
D.la Terra non è stazionaria",d,b. la terra è sferica,false
"L'omicidio illegale commesso dal ministro del paese X all'estero è un atto jure imperii o jure gestionis?
A.Tale condotta è un atto pubblico (jure imperii)
B.Tale comportamento non attira mai l'immunità
C.Tale condotta è un atto privato (jure gestionis)
D.Tale condotta è un atto pubblico, ma è protetto dall'immunità",c,"d. tale condotta è un atto pubblico, ma è protetto dall'immunità",false
"L'autocorrelazione residua negativa è indicata da quale dei seguenti fattori?
A.Un andamento ciclico nei residui
B.Un andamento alternato nei residui
C.Una completa casualità nei residui
D.Residui tutti prossimi allo zero",b,a. un andamento ciclico nei residui,false
"Gli studenti stanno conducendo un esercizio di separazione dei pigmenti vegetali che richiede loro di utilizzare una camera cromatografica chiusa con una piccola quantità di acetone sul fondo della camera. Le avvertenze di sicurezza per l'acetone includono l'affermazione che è irritante per gli occhi e la pelle e ha vapori infiammabili. Di seguito sono riportate le precauzioni di sicurezza che gli studenti devono prendere durante lo svolgimento dell'esercitazione?
A.Indossare guanti ignifughi per trasportare la camera a una cappa aspirante se l'acetone prende fuoco
B.Posizionamento della camera in un armadio chiuso e oscurato per la durata della separazione del pigmento
C.Indossare guanti di pelle e coprire naso e bocca con una maschera antiparticolato
D.Indossare occhiali e guanti in nitrile e tenere chiusi tutti i contenitori di acetone",d,d. indossare occhiali e guanti in nitrile e tenere chiusi tutti i contenitori di acetone,true
"Trova $-\dfrac{1}{-3}\cdot\cfrac{1}{~\frac{1}{-3}~}.$
A.1
B.-1
C.0
D.2",b,a. 1,false
"La fallacia della personalità elogiativa è un tipo specifico di
A.La fallacia dell'incidente
B.Falso dilemma
C.Porre la domanda
D.Ragionamento circolare",a,a. la fallacia dell'incidente,false
"Determinare la concentrazione di H+(aq) in una soluzione di fenolo 1,0 M, C6H5OH. (Il Ka per il fenolo è 1 × 10^-10.)
A.1 × 10^-10 m
B.1 × 10^-9 M
C.1 × 10^-3 M
D.1 × 10^-5 M",d,b. 1 × 10^-9 m,false
"Quale di questi film horror ha generato il maggior numero di sequel?
A.Urlo'
B.Jaws'
C.Halloween'
D.Venerdì 13'",d,d. venerdì 13',true
"Gli adulti di mezza età sembrano essere più ____ rispetto agli adulti più anziani o più giovani
A.Generativo
B.Nevrotico
C.Gradevole
D.Certo",a,a. generativo,true
"Dichiarazione 1 | In un gruppo (ab)^{-2} = b^{-2}a^{-2}. Dichiarazione 2 | In un gruppo (ab)^n = a^nb^n.
A.Vero, vero
B.Falso, Falso
C.Vero, Falso
D.Falso, Vero",b,"d. falso, vero",true
"Quale dei seguenti fattori ha maggiori probabilità di produrre una crescita economica più forte nel tempo?
A.Consumo più rapido delle risorse naturali.
B.Tassi di analfabetismo più elevati tra gli adulti.
C.Un calo dello stock di beni strumentali.
D.Crediti d'imposta sugli investimenti.",d,d. crediti d'imposta sugli investimenti.,true
"Il fatto che la frequenza di assorbimento infrarosso del cloruro di deuterio (DCl) sia spostata da quella dell'acido cloridrico (HCl) è dovuto alle differenze nella loro
A.Distribuzione degli elettroni
B.momento di dipolo
C.costante di forza
D.massa ridotta",d,a. distribuzione degli elettroni,false
"Viaggiando ad una velocità iniziale di 1,5 × 10^6 m/s, un protone entra in una regione di campo magnetico costante di magnitudine 1,5 T. Se il vettore di velocità iniziale del protone forma un angolo di 30° con il campo magnetico, calcola la velocità del protone 4 s dopo essere entrato nel campo magnetico.
A.5,0 × 10^6 m/s
B.7,5 × 10^6 m/s
C.1,5 × 10^6 m/s
D.3,0 × 10^6 m/s",c,"b. 7,5 × 10^6 m/s",false
"Un paziente subisce una frattura del collo con danni al midollo spinale a livello della sesta vertebra cervicale.
A.Non saranno in grado di respirare senza supporto vitale.
B.Saranno in grado di respirare solo tranquillamente.
C.È impossibile prevedere un effetto sulla respirazione.
D.La respirazione non ne risentirà.",b,a.,false
"Quale di questi piatti è fatto con l'intestino di maiale?
A.haggis
B.Chitline
C.Polenta
D.chop suey",b,b. chitlins,true
"Questa domanda si riferisce alle seguenti informazioni.
""In effetti, poiché sia le fatwa di illustri [studiosi] che basano la loro opinione sulla ragione e sulla tradizione, sia il consenso della comunità sunnita concordano sul fatto che l'antico obbligo di estirpazione, sterminio ed espulsione del male deve essere lo scopo della nostra alta aspirazione, perché ""lo zelo religioso è una vittoria per la fede di Dio il Benefico""; poi, secondo le parole del Profeta (pace su di lui!) ""Chiunque introduca cattive innovazioni nel nostro ordine deve essere espulso"" e ""Chiunque fa qualcosa contro il nostro ordine deve essere espulso"", l'azione è diventata necessaria ed esigente...""
Lettera del sultano ottomano Selim I allo scià safavide Ismail I, 1514
I Safavidi attirarono l'ira degli imperi islamici come l'Impero Ottomano e l'Impero Moghul principalmente perché i Safavidi
A.erano un impero espansionista geograficamente situato tra altri due espansionisti
B.ha rifiutato i principi centrali dell'Islam
C.schiavizzarono i cristiani e li trasformarono in combattenti safavidi
D.Ismāʿīl si autoproclamò califfo",a,la risposta corretta è la lettera a.,true
"Rispetto ai partiti politici di paesi come l'Inghilterra e Israele, entrambi con sistemi multipartitici, i partiti politici americani sono
A.meno interessato a influenzare l'esito delle elezioni
B.meno chiaramente identificato con ideologie politiche coerenti
C.meno efficace nel raccogliere fondi dai sostenitori politici
D.essere in grado di riflettere meglio gli obiettivi di tutti i loro collegi elettorali",b,b. meno chiaramente identificato con ideologie politiche coerenti,true
"La ricerca di Garcia e Koelling sulle avversioni apprese ha stabilito che quale delle seguenti coppie UCS e CS è la più potente e appresa più rapidamente?
A.Esecuzione di un compito e ricezione di una ricompensa in cibo
B.nausea e cibi o bevande
C.Movimento e urto
D.Punizioni e ricompense",b,b. nausea e cibi o bevande,true
"Perché Parfit si oppone all'uguaglianza?
A.Egli sostiene che una società diseguale è inevitabile.
B.Sostiene che dando priorità ai bisogni dei poveri, possiamo aumentare l'uguaglianza.
C.Afferma che ognuno di noi è responsabile della propria povertà.
D.Rifiuta del tutto l'idea di uguaglianza.",b,d. rifiuta del tutto l'idea di uguaglianza.,false
"Quale dei seguenti fattori potrebbe essere considerato un fattore di ""attrazione"" per Riva quando si considera un trasferimento dall'India agli Stati Uniti?
A.Povertà abietta
B.Lavoro migliore e salari più alti
C.Il sistema delle caste dell'India
D.Violenza nel suo quartiere",b,b. lavoro migliore e salari più alti,true
"Questa domanda si riferisce alle seguenti informazioni.
""I semi dei regimi totalitari sono alimentati dalla miseria e dal bisogno. Si diffondono e crescono nel terreno malvagio della povertà e della lotta. Raggiungono la loro piena crescita quando la speranza di un popolo per una vita migliore è morta. Dobbiamo mantenere viva questa speranza. . . . Grandi responsabilità ci sono state affidate dal rapido movimento degli avvenimenti. . . . Sono fiducioso che il Congresso affronterà queste responsabilità in modo diretto"".
Presidente Harry S. Truman, 1947
Le idee espresse nel passaggio precedente riflettono più direttamente quale delle seguenti continuità nella storia degli Stati Uniti?
A.Dibattiti sul rapporto tra il Congresso e il presidente.
B.Dibattiti sull'uso della forza militare in situazioni instabili.
C.Dibattiti sul ruolo degli Stati Uniti negli affari mondiali.
D.Dibattiti sul ruolo proprio dei partiti politici.",c,c. dibattiti sul ruolo degli stati uniti negli affari mondiali.,true
"È più probabile che un'imposta imposta su un fornitore si ripercuota sul consumatore sotto forma di aumento dei prezzi se
A.L'elasticità della domanda rispetto al prezzo è altamente elastica.
B.L'elasticità della domanda rispetto al prezzo è altamente anelastica.
C.L'elasticità della domanda rispetto al prezzo è elastica unitaria.
D.L'elasticità salariale della domanda è altamente elastica.",b,a. l'elasticità della domanda rispetto al prezzo è altamente elastica.,false
"Le imprese si impegnano nella contabilità sociale a causa delle richieste dei _________, al fine di identificare ________, migliorare ___________ e incoraggiare _________ e ___________
A.Stakeholder, Rischi, Gestione degli stakeholder, Accountability, Trasparenza
B.Stakeholder, Responsabilità, Trasparenza, Rischi, Gestione degli stakeholder
C.Parti interessate, Responsabilità, Rischi, Parti interessate, Gestione delle parti interessate
D.Stakeholder, Gestione degli stakeholder, Trasparenza, Rischi, Responsabilità",a,"a. stakeholder, rischi, gestione degli stakeholder, accountability, trasparenza",true
"Parte dell'acqua di Marte è congelata nel suolo e nelle calotte glaciali e parte è andata persa a causa della rimozione del vento solare, ma si pensa che gran parte dell'acqua originale sia andata persa attraverso un altro meccanismo. Che fine ha fatto quest'acqua ""perduta""?
A.È stato strappato via dal campo magnetico quando è rapidamente diminuito di forza
B.È stato scomposto in idrogeno e ossigeno dalla luce ultravioletta e l'idrogeno è stato perso attraverso la fuga termica
C.è stato consumato da una civiltà di marziani assetati
D.È stato vaporizzato durante un periodo di intenso vulcanismo ed è stato perso nello spazio attraverso la fuga termica",b,b. è stato scomposto in idrogeno e ossigeno dalla luce ultravioletta e l'idrogeno è stato perso attraverso la fuga termica,true
"L'efficienza quantica di un rivelatore di fotoni è 0,1. Se 100 fotoni vengono inviati nel rivelatore, uno dopo l'altro, il rilevatore rileverà i fotoni
A.una media di 10 volte, con uno scostamento efficace di circa 4
B.una media di 10 volte, con una deviazione efficace di circa 3
C.in media 10 volte, con una deviazione efficace di circa 1
D.una media di 10 volte, con una deviazione RMS di circa 0,1",b,"c. in media 10 volte, con una deviazione efficace di circa 1",false
"In un circuito in serie, se la corrente in una lampada è di 2 A, la corrente nella lampada accanto è
A.metà, 1 A
B.02:00
C.Dipende da quale lampada è più vicina alla batteria
D.Non ci sono abbastanza informazioni da dire",b,"a. metà, 1 a",false
"Identifica l'antecedente della seguente proposizione condizionale: le api vincono la loro prima partita solo se gli oritteropi o gli scoiattoli non vincono le loro prime partite.
A.Gli oritteropi non vincono la loro prima partita.
B.I Bees vincono la loro prima partita.
C.I Chipmunks non vincono la loro prima partita.
D.O gli oritteropi o i scoiattoli non vincono le loro prime partite.",b,d. o gli oritteropi o i scoiattoli non vincono le loro prime partite.,false
"Che cos'è un attacco replay?
A.Quando l'utente malintenzionato risponde a un messaggio inviato dal sistema
B.Un attacco che si ripete continuamente, alla ricerca di un punto debole
C.Un attacco che utilizza i messaggi del sistema e quindi non può essere difeso
D.L'utente malintenzionato invia nuovamente un messaggio acquisito e il sito lo accetta e risponde a favore dell'utente malintenzionato",d,d. l'utente malintenzionato invia nuovamente un messaggio acquisito e il sito lo accetta e risponde a favore dell'utente malintenzionato,true
"Questa domanda si riferisce alle seguenti informazioni.
Cammino accanto alla colonna, chiedo cosa sta succedendo.
Un soldato dice semplicemente: ""Chiamano ogni giorno di più.
""Alcuni di noi furono mandati a nord, nel Fiume Giallo, all'età di quindici anni.
E ora, a quarant'anni, ci dirigiamo verso le guarnigioni dell'ovest.
Durante il nostro primo tour, il capo del villaggio ha dovuto legare le nostre bandane per noi.
Quando siamo tornati, i nostri capelli erano bianchi, ma c'era ancora più agitazione.
Le guarnigioni di frontiera scorrono di sangue, abbastanza da riempire un oceano,
Ma le ambizioni territoriali dell'Imperatore Marziale non hanno ancora raggiunto l'apice.
Nei cento distretti a est dei monti, in tutto il paese di Han,
Ci devono essere diecimila villaggi che i rovi ora infestano.
Anche se le mogli sono abbastanza forti da maneggiare una zappa e un aratro,
I raccolti crescono in tutti i modi, i campi sono tutti un disastro.
È più difficile per gli uomini dello Shanxi, con la loro reputazione di combattenti:
Vengono radunati come cani o polli, ogni maschio impressionato.
""Ma, signore, anche se è bene che tu lo chieda,
Lamentarsi non fa parte del compito del soldato.
Possiamo solo scuotere la testa. Prendi quest'inverno:
Le truppe dello Shanxi non sono mai state rimandate a casa.
Gli Ufficiali Distrettuali chiedono l'imposta fondiaria,
Ma da dove arriverà? Non si può cavare sangue da una rapa!
Onestamente penso che sia sfortuna avere un figlio ora,
E' meglio avere una figlia: almeno può sposarsi
E vivere con i vicini della porta accanto.
Ma un figlio finirà per giacere in qualche prateria lontana"".
Du Fu, ""Ballata dei carri dell'esercito"", 750 E.V. circa
Il poema fornisce la prova di quale delle seguenti cose riguardo alle relazioni di genere nella società Tang?
A.Le relazioni confuciane tra marito e moglie erano ancora forti nella società Tang.
B.I rescritti imperiali enfatizzavano la nascita di figli maschi capaci rispetto alle figlie femmine per soddisfare le quote di coscrizione.
C.Il lavoro agricolo poteva essere condiviso sia dalle donne che dagli uomini.
D.Le tradizionali relazioni di genere cinesi furono invertite durante il regno dell'imperatrice Wu Zetian.",c,c. il lavoro agricolo poteva essere condiviso sia dalle donne che dagli uomini.,true
"In che stato è ambientato il film del 1999 Magnolia?
A.California
B.Carolina del Sud
C.Georgia
D.Texas",a,a. california,true
"L'economia è in una profonda recessione. Data questa situazione economica, quale delle seguenti affermazioni sulla politica monetaria è accurata?
A.Una politica espansiva non farebbe che peggiorare la recessione.
B.La politica espansiva aumenta notevolmente la domanda aggregata se gli investimenti sono sensibili alle variazioni del tasso di interesse.
C.La politica restrittiva è lo stimolo appropriato per gli investimenti e i consumi.
D.Se la domanda di moneta è perfettamente elastica, la politica monetaria espansiva potrebbe essere abbastanza efficace.",b,b. la politica espansiva aumenta notevolmente la domanda aggregata se gli investimenti sono sensibili alle variazioni del tasso di interesse.,true
"Quali delle seguenti caratteristiche sono generalmente coerenti con lo stupro?
A.uso eccessivo della forza
B.premeditato
C.sessualmente motivato
D.comporta l'uso di un'arma",c,"a. uso eccessivo della forza
c. sessualmente motivato",true
"Nel contesto della globalizzazione, come possiamo definire al meglio il termine ""sviluppo""?
A.Il termine sviluppo si riferisce alla condizione umana in cui c'è libertà dalla paura e dal bisogno; Ci sono risorse sufficienti per sostenere la vita e questa vita può esistere in uno stato libero dalla minaccia, o dalla minaccia percepita, di un'interruzione improvvisa.
B.Per essere considerata sviluppata, una nazione deve aver raggiunto un certo status economico e politico all'interno del sistema statale globale; Il criterio di ciò che costituisce uno stato «sviluppato» è quindi definito da tali requisiti di interazione in questo sistema.
C.Lo sviluppo è un mezzo per affrontare le disuguaglianze che accompagnano la globalizzazione neoliberista. In questo contesto, lo sviluppo si riferisce alla capacità di una popolazione o di una comunità di utilizzare efficacemente le risorse e aumentare l'efficienza nella produzione e nella distribuzione, promuovendo una distribuzione più equa del reddito all'interno della società.
D.Lo sviluppo di una comunità si riferisce ai sistemi di valori ideologici ed etici a cui la sua popolazione aderisce. Nel sistema internazionale globalizzato questo si riferisce all'adozione dell'ideologia democratica liberale occidentale e dell'economia di libero mercato.",c,a.,false
" A quale delle seguenti Communidades de Base è associata la Communidades de Base?
A.Mons. Oscar Romero
B.Resistenza e rinnovamento
C.Dignità di tutti gli esseri umani
D.Tutto quanto sopra",d,b. resistenza e rinnovamento,false
"Per quale di questi due scenari il personaggio principale (che usa io/me/mio) fa qualcosa di chiaramente moralmente sbagliato, secondo gli standard morali ordinari negli Stati Uniti a partire dal 2020? Scenario 1 | Mentre i miei genitori dormivano, sono andato a fare jogging. Scenario 2 | Ho versato il detersivo nella lavatrice piena dei vestiti della mia coinquilina.
A.Sbagliato, sbagliato
B.Sbagliato, non sbagliato
C.Non sbagliato, sbagliato
D.Non sbagliato, non sbagliato",d,"b. sbagliato, non sbagliato",false
"Quale dei seguenti punti supporta l'argomento dell'unilateralismo americano?
A.Egemonia benevola
B.Inefficacia del multilateralismo
C.Potenza americana
D.Tutto quanto sopra",d,c. potenza americana,true
"Secondo Singer, il rispetto del suo principio richiede:
A.modesti cambiamenti alle nostre abitudini personali, ma non alla nostra società nel suo complesso.
B.modesti cambiamenti nelle nostre abitudini personali, così come nella società.
C.cambiamenti drastici nelle nostre abitudini personali, ma non nella nostra società.
D.drastici cambiamenti sia per le nostre abitudini personali che per la nostra società.",d,d.,true
"Per quale di questi due scenari il personaggio principale (che usa io/me/mio) fa qualcosa di chiaramente moralmente sbagliato, secondo gli standard morali ordinari negli Stati Uniti a partire dal 2020? Scenario 1 | A volte cerco di dire la verità, a meno che non mi metta nei guai. Scenario 2 | Ho baciato la mia ragazza allo spettacolo di magia.
A.Sbagliato, sbagliato
B.Sbagliato, non sbagliato
C.Non sbagliato, sbagliato
D.Non sbagliato, non sbagliato",b,"a. sbagliato, sbagliato",false
"Un allevatore è attualmente il proprietario di un appezzamento di terreno designato come ""A. "" È la più alta delle due proprietà vicine su una montagna. Un agricoltore è il proprietario dell'appezzamento ""B"", che si trova più in basso di ""A"" sul fianco della montagna. Nel 2000, l'allevatore, che possedeva entrambi gli appezzamenti di terreno, costruì un sistema di drenaggio privato. Questo sistema consisteva in una conduttura sotterranea che si estendeva su entrambi gli appezzamenti di terreno. Le acque reflue provenienti dalla particella ""A"" venivano scaricate attraverso il sistema fino a una fognatura comunale, che si trovava ai piedi della montagna. Nel 2005, l'allevatore ha venduto il lotto ""B"" all'agricoltore. L'atto all'agricoltore non conteneva alcuna menzione del sistema di drenaggio dell'allevatore. Su ciascuno dei lotti si trovano grandi case in stile ranch occupate dai rispettivi proprietari. Ultimamente, lo scarico delle acque reflue ha iniziato a emettere un odore sgradevole attraverso la particella ""B"". Di conseguenza, l'agricoltore ha citato in giudizio l'allevatore per violazione di domicilio chiedendo i danni causati dal sistema di drenaggio. La sentenza dovrebbe essere
A.l'allevatore, perché l'atto all'agricoltore non conteneva alcun patto che limitasse l'uso della terra da parte dell'allevatore.
B.l'allevatore, perché la giusta causa dell'azione dell'agricoltore sarebbe per il disturbo, piuttosto che per la violazione di domicilio.
C.l'agricoltore, perché il sistema di drenaggio era la causa immediata dei danni dell'attore in base alla legge.
D.l'agricoltore, perché l'allevatore non aveva il diritto di migliorare la propria terra in un modo che causasse danno ad un altro.",b,d.,false
"Di quale elemento sono composti principalmente i moderni microchip per computer?
A.Sodio
B.Silicio
C.Alluminio
D.Argento",b,b. silicio,true
"Civiltà nubiana:
A.precedette e stimolò l'ascesa della cultura egizia.
B.era il risultato della colonizzazione mesopotamica nel sud.
C.sviluppato in risposta, ma non a imitazione della cultura egizia.
D.non aveva contatti con le culture vicine.",c,a.,false
"Una donna di 54 anni viene in ufficio perché ha avuto dolori lancinanti intermittenti sulla guancia destra e sulla mascella nelle ultime 3 settimane. Ogni episodio di dolore dura 1 secondo o meno. Il dolore è spesso scatenato dall'aria fredda, dalla masticazione, dalla stimolazione tattile e dal lavarsi i denti. Non ha riportato traumi al viso o alla testa. L'anamnesi è notevole per il mal di testa tensivo, l'obesità e l'intervento chirurgico di bypass gastrico. È alta 165 cm (5 piedi e 5 pollici) e pesa 62 kg (137 libbre); L'IMC è di 23 kg/m2 . I segni vitali sono normali. Il paziente non può tollerare il tocco sul lato destro del viso. Non c'è debolezza facciale o perdita di sensibilità. Il resto dell'esame obiettivo non mostra anomalie. La TAC della testa con e senza mezzo di contrasto non mostra anomalie. Quale delle seguenti è la farmacoterapia più appropriata in questo momento?
A.Carbamazepina
B.Lamotrigina
C.Levetiracetam
D.Topiramato",a,a. carbamazepina,true
"Quale dei seguenti è un documento personale ad accesso chiuso?
A.«Libro bianco» del governo
B.Cartelle cliniche confidenziali
C.Libro dei conti delle famiglie
D.il registro delle azioni di un'impresa",c,b. cartelle cliniche confidenziali,false
"Nagel sostiene che il problema della fortuna morale è strettamente connesso al problema di:
A.l'esistenza di Dio.
B.libertà della volontà.
C.egoismo psicologico.
D.universali.",b,b. libertà della volontà.,true
"Il termine 'chili con carne' si riferisce al peperoncino con cosa?
A.Fagioli
B.carne
C.formaggio
D.peperoncini",b,b. carne,true
"Questa giurisdizione ha in vigore il seguente statuto penale: ""Una persona non è responsabile per la condotta criminale se al momento di tale condotta, a causa di una malattia o di un difetto mentale, non ha la capacità sostanziale di apprezzare l'illiceità della sua condotta, o di conformare la sua condotta ai requisiti della legge. "" Un pomeriggio, un imputato stava facendo da babysitter a suo nipote di cinque anni. Mentre stavano giocando a pallone all'esterno, l'imputato ha lanciato la palla sopra la testa di suo nipote e l'ha fatta rotolare in strada. Istintivamente, il nipote corse dietro al pallone, ma inciampò nella grondaia e cadde in strada. Quando è inciampato, il nipote si è slogato gravemente la caviglia e non riusciva a stare in piedi. Pochi istanti dopo, un grosso camion della spazzatura stava facendo retromarcia e ha investito il nipote, uccidendolo. Sebbene l'imputato abbia visto la difficile situazione di suo nipote, non ha fatto alcuno sforzo per salvarlo. Successivamente, l'imputato è stato accusato di omicidio colposo. Al processo, l'imputato ha testimoniato di essere rimasto così scioccato quando ha visto suo nipote cadere vicino al camion della spazzatura che si è bloccato e non è stato in grado di muoversi fino a quando non è stato troppo tardi. A seguito della testimonianza dell'imputato, un perito ha testimoniato per la difesa che reazioni del tipo descritto dall'imputato non sono insolite quando si verifica un evento veramente scioccante. Se la giuria crede alla testimonianza dell'imputato e del suo perito, quale delle seguenti è la migliore difesa dell'imputato?
A.L'imputato soffriva di una temporanea infermità mentale.
B.L'imputato non aveva lo stato mentale richiesto per la commissione del reato.
C.L'omissione dell'imputato non è stata volontaria.
D.La responsabilità penale dell'imputato è stata superata da quella dell'autista del camion.",c,b. l'imputato non aveva lo stato mentale richiesto per la commissione del reato.,false
" Con quale titolo in inglese è conosciuto il testo classico Daodejing?
A.Classico dei cambiamenti
B.Classico del Cammino e della Potenza
C.Classico delle Donne
D.Classico della Filosofia",b,b. classico del cammino e della potenza,true
"Per quale di questi due scenari il personaggio principale (che usa io/me/mio) fa qualcosa di chiaramente moralmente sbagliato, secondo gli standard morali ordinari negli Stati Uniti a partire dal 2020? Scenario 1 | Quando il congelatore del mio ristorante si è rotto, ho servito la carne calda anche se sapevo che era molto pericolosa. Scenario 2 | Decisi di accendere un fuoco nella foresta.
A.Sbagliato, sbagliato
B.Sbagliato, non sbagliato
C.Non sbagliato, sbagliato
D.Non sbagliato, non sbagliato",a,"a. sbagliato, sbagliato",true
"La ricerca sull'acquisizione di una seconda lingua ha mostrato quale delle seguenti affermazioni riguarda i bambini che acquisiscono una seconda lingua
A.Il loro sviluppo cognitivo è ritardato
B.Hanno un'articolazione migliore rispetto ai bambini che non sono bilingui
C.La loro conoscenza della lingua madre non ha alcun effetto sul tasso di acquisizione della seconda lingua
D.Hanno una maggiore flessibilità cognitiva",d,d. hanno una maggiore flessibilità cognitiva,true
"I valori stimati delle case in una città hanno una media di $ 125.000 con una deviazione standard di $ 23.000. A causa di un nuovo contratto per insegnanti, il distretto scolastico ha bisogno di un ulteriore 10% di fondi rispetto all'anno precedente. Per raccogliere questo denaro aggiuntivo, la città incarica l'ufficio di valutazione di aumentare tutti i valori delle case stimati di $ 5.000. Quale sarà la nuova deviazione standard dei valori stimati delle case in città?
A.23.000 dollari 
B.25.300 dollari 
C.28.000 dollari 
D.$ 30,300 ",a,b. 25.300 dollari,false
"Quale malattia non causano i virus dell'herpes?
A.Paralisi infantile
B.Encefalite
C.Malattie sessualmente trasmissibili
D.Cancro",a,a. paralisi infantile,true
"Quale delle seguenti teorie si concentra su come la società riesce a svolgere le attività necessarie per mantenere l'ordine e la stabilità?
A.Funzionalismo
B.Interazionismo
C.Teoria della scelta razionale
D.Teoria del conflitto",a,a. funzionalismo,true
" Secondo Nussbaum, trattare qualcuno come un oggetto è
A.sufficiente per l'oggettivazione sessuale.
B.necessario per l'oggettivazione sessuale.
C.non necessario per l'oggettivazione sessuale.
D.tutto quanto sopra.",c,c. non necessario per l'oggettivazione sessuale.,true
"Quale delle seguenti è l'ultima ad essere occupata da esseri umani?
A.Nuova Guinea
B.Australia
C.Nuova Zelanda
D.Timor",c,b. australia,false
"Le linee del campo magnetico intorno ad una forma di filo corrente-portante
A.Cerchi
B.Linee radiali
C.correnti parassite
D.Circuiti di energia",a,a. cerchi,true
"Gli studi sull'eziologia della schizofrenia hanno indicato una predisposizione genetica alla condizione, ma sono coinvolti altri fattori. Sulla base della tua conoscenza dell'argomento, identifica quale delle seguenti affermazioni non è corretta.
A.L'eccesso di dopamina o la sensibilità alla dopamina potrebbero essere un fattore che contribuisce.
B.I pazienti bianchi sono più sintomatici.
C.La remissione dalla malattia nel Terzo Mondo è del 65%.
D.Un tasso più basso di schizofrenia diagnosticato tra gli afroamericani.",d,b. i pazienti bianchi sono più sintomatici.,false
"Quali dei seguenti adattamenti degli impianti per ridurre al minimo la perdita d'acqua in ambienti con temperature elevate includono?
A.Numerosi stomi
B.Cuticole sottili
C.Spine al posto delle foglie
D.Ampio rapporto superficie/volume",c,d. ampio rapporto superficie/volume,false
"Per quale di questi due scenari il personaggio principale (che usa io/me/mio) fa qualcosa di chiaramente moralmente sbagliato, secondo gli standard morali ordinari negli Stati Uniti a partire dal 2020? Scenario 1 | Ho visto il famoso Elton John fuori da un'arena da concerto e gli ho scattato una foto senza chiederglielo. Scenario 2 | Ho segnalato un'altra guardia che si intrufola in una prigione con stupefacenti e li vende ai detenuti.
A.Sbagliato, sbagliato
B.Sbagliato, non sbagliato
C.Non sbagliato, sbagliato
D.Non sbagliato, non sbagliato",d,"a. sbagliato, sbagliato",false
"In quale dei seguenti bilanci è tenuto un ente pubblico a includere un rendiconto finanziario?
A.Rendiconti finanziari dei fondi governativi.
B.Rendiconti finanziari a livello governativo.
C.Bilanci di fondi propri.
D.Bilanci di fondi fiduciari.",c,a. rendiconti finanziari dei fondi governativi.,false
"Per quale di questi due scenari il personaggio principale (che usa io/me/mio) fa qualcosa di chiaramente moralmente sbagliato, secondo gli standard morali ordinari negli Stati Uniti a partire dal 2020? Scenario 1 | Ho corso sul tappeto fresco con un tosaerba. Scenario 2 | Ho urinato nella mia mano in modo da poterla testare per l'infezione.
A.Sbagliato, sbagliato
B.Sbagliato, non sbagliato
C.Non sbagliato, sbagliato
D.Non sbagliato, non sbagliato",a,"b. sbagliato, non sbagliato",false
"Quale delle seguenti affermazioni descrive meglio la situazione dopo che il prezzo è aumentato su un prodotto che ha una domanda anelastica?
A.La quantità richiesta non subirà variazioni.
B.La quantità richiesta aumenterà.
C.Le entrate totali diminuiranno.
D.Le entrate totali non cambieranno.",a,a. la quantità richiesta non subirà variazioni.,true
"Quale delle seguenti affermazioni è vera per l'ipotiroidismo?
A.Perdita di peso
B.Mixedema pre-tibiale
C.Un aumento del livello di TSH
D.Avversione per i luoghi caldi",c,c. un aumento del livello di tsh,true
"Il procuratore generale è a capo di quale delle seguenti entità?
A.La Commissione Giustizia del Senato
B.Il Dipartimento di Giustizia
C.Il Dipartimento di Stato
D.Il Corpo del Giudice Avvocato Generale",b,b. il dipartimento di giustizia,true
"Le mutazioni sono errori nel DNA che:
A.sono sempre dannosi.
B.si verificano solo in presenza di sostanze cancerogene.
C.aumentare la crescita del tumore.
D.si verificano spontaneamente a un tasso basso.",d,d. si verificano spontaneamente a un tasso basso.,true
"Al fine di incoraggiare l'iscrizione al college, uno stato fornisce un'esenzione fiscale di $ 200 per le tasse statali per coloro che sono studenti a tempo pieno nei college all'interno dello stato. Le studentesse che frequentano l'intervallo hanno ancora un'esenzione fiscale di $ 100, mentre gli studenti maschi che frequentano l'intervallo non sono più autorizzati ad alcuna esenzione fiscale. Quale delle seguenti affermazioni riassume in modo più accurato la corretta norma di diritto costituzionale per quanto riguarda l'esenzione fiscale statale per gli studenti che si iscrivono a tempo parziale?
A.L'esenzione fiscale verrebbe invalidata in quanto negazione del giusto processo.
B.L'esenzione fiscale sarebbe invalidata in quanto viola la clausola di uguale protezione.
C.La misura fiscale verrebbe mantenuta nell'ambito del giusto processo sostanziale.
D.La misura fiscale sarebbe confermata in quanto rientra nel potere di un comune di tassare diverse categorie di persone in modo disuguale.",b,b. l'esenzione fiscale sarebbe invalidata in quanto viola la clausola di uguale protezione.,true
"Lo scopo di uno studio in doppio cieco o in doppio mascheramento è quello di:
A.Ottenere la comparabilità dei soggetti trattati e non trattati
B.Ridurre gli effetti della variazione di campionamento
C.Evita i pregiudizi dell'osservatore e del soggetto
D.Evitare la distorsione dell'osservatore e la variazione del campionamento",b,c. evita i pregiudizi dell'osservatore e del soggetto,false
"Maggiore consumo di latte

A.È stato segnalato per essere associato a una maggiore incidenza di fratture e una maggiore mortalità in alcuni studi
B.Durante la pubertà sembra essere associato a una maggiore densità minerale ossea in età avanzata
C.È costantemente associato a un tasso inferiore di fratture
D.Nei paesi con il più alto tasso di frattura suggerisce che il consumo di latte è benefico per lo scheletro.",a,a. è stato segnalato per essere associato a una maggiore incidenza di fratture e una maggiore mortalità in alcuni studi,true
"Una società edilizia possedeva un appezzamento di terreno. La società immobiliare preparò un piano di sviluppo per dividere il terreno in 100 lotti e creare una comunità residenziale sul tratto. La Dichiarazione dei Patti creò l'associazione dei proprietari di case, un'entità amministrativa che avrebbe amministrato e fatto rispettare i regolamenti e le restrizioni recitate tra i patti. Una delle restrizioni stabilite nella Dichiarazione dei Patti recita: ""Non sarà mai eretto, permesso o mantenuto in nessuna parte della proprietà alcuna struttura progettata o utilizzata come saloon o luogo per la vendita o la produzione di liquori di malto, vini o alcolici"". La Dichiarazione delle Alleanze è stata debitamente registrata ed è stata inclusa nell'atto stipulato da un insegnante quando ha acquistato il lotto 62 nello sviluppo. L'insegnante registrò immediatamente il suo atto. L'insegnante ha affittato la sua casa a un bibliotecario per un periodo di un anno. Il contratto di locazione includeva le stesse restrizioni della Dichiarazione delle Alleanze e dell'atto dell'insegnante. Il bibliotecario iniziò immediatamente a vendere liquori nei locali durante le feste settimanali ""fuori orario"". L'associazione dei proprietari di case cita in giudizio il bibliotecario in un'azione per danni. Quale dei seguenti è l'argomento migliore per il bibliotecario?
A.La regola nel caso Spencer impedisce al bibliotecario di essere responsabile.
B.Il bibliotecario non è in possesso di un contratto con l'associazione dei proprietari di case.
C.Il bibliotecario non è in possesso di beni con l'insegnante.
D.Altri lotti nelle immediate vicinanze sono adibiti a scopi commerciali.",b,a. la regola nel caso spencer impedisce al bibliotecario di essere responsabile.,false
"Prima che la proposta di unire due città fosse messa ai voti, il procuratore generale dello stato ha emesso un parere consultivo in cui affermava che la misura, a suo avviso, non violava alcuna disposizione statutaria o costituzionale. Successivamente, la proposta è stata posta al voto ed è stata approvata in modo schiacciante dagli elettori di entrambe le città. Dopo l'elezione, ma prima che la fusione fosse ufficialmente realizzata, due contribuenti di una delle città hanno avviato una causa per ingiungere l'unificazione, attaccando la costituzionalità della proposta. La causa ha raggiunto la Corte Suprema dello Stato ed è stata giudicata costituzionale sia dalla legge statale che da quella federale. I querelanti ora presentano una mozione per chiedere che questo caso venga riesaminato dalla Corte Suprema degli Stati Uniti. La Corte può
A.non esaminare il caso, perché è stato deciso su basi statali indipendenti.
B.non ascolta il caso, ma può farlo rinviare alla corte distrettuale federale.
C.Ascolta le questioni federali coinvolte, ma rifiuta di pronunciarti sulla questione statale.
D.fare affidamento sul parere consultivo reso dal procuratore generale dello Stato e non esaminare il caso nel merito.",a,"c. ascolta le questioni federali coinvolte, ma rifiuta di pronunciarsi sulla questione statale.",false
"Un supermercato aveva appena riaperto dopo due settimane di chiusura per lavori di ristrutturazione. La mattina della riapertura, una donna stava facendo la spesa quando è caduta all'improvviso e ha riportato la frattura di una gamba. Successivamente, la donna ha citato in giudizio il supermercato per lesioni personali. Nella sua causa, la donna ha affermato di essere inciampata in un secchio di vernice che giaceva in uno dei corridoi. Al processo, la donna ha chiamato un altro cliente per testimoniare che mentre stava facendo la spesa ha sentito un tonfo, si è girato e ha visto la donna cadere a terra. Ha anche testimoniato di aver visto un secchio di vernice vuoto a pochi metri dalla gamba della donna. Durante il controinterrogatorio, il cliente ha avuto uno scambio polemico con l'avvocato del supermercato. Quando gli è stata chiesta la sua opinione su cosa abbia causato la caduta della donna, il cliente ha testimoniato: ""È caduta perché è inciampata nel secchio"". Ha ammesso durante il controinterrogatorio, tuttavia, di non aver visto la donna inciampare nel secchio. L'avvocato del supermercato ha quindi posto al cliente la seguente domanda: ""Se non hai visto la donna inciampare nel secchio, come fai a sapere che è caduta a causa di questo?"" Il cliente ha risposto: ""Perché la mia ragazza che stava facendo la spesa con me mi ha detto più tardi di aver visto la donna inciampare nel secchio"". L'avvocato del supermercato si muove per colpire l'ultima risposta del cliente. Se il giudice del processo annulla la mozione dell'imputato e consente alla risposta del cliente di rimanere in piedi, molto probabilmente sarà perché
A.La risposta del cliente è stata sollecitata dalla domanda dell'avvocato del supermercato.
B.La risposta del cliente si basava su conoscenze di prima mano.
C.La risposta del cliente è stata una dichiarazione di recente percezione.
D.La risposta del cliente è stata un'impressione sensoriale presente.",a,a. la risposta del cliente è stata sollecitata dalla domanda dell'avvocato del supermercato.,true
" Nella sua discussione sulla discriminazione in guerra, Valls suggerisce che
A.Non c'è differenza tra combattenti e non combattenti.
B.La differenza tra combattenti e non combattenti è una questione di grado.
C.La differenza tra combattenti e non combattenti è categorica e chiara.
D.Il ""terrorismo"" dovrebbe essere definito come violenza indiscriminata.",b,c. la differenza tra combattenti e non combattenti è categorica e chiara.,false
"Quale delle seguenti affermazioni sul metabolismo del glucosio è corretta?

A.Il glucagone aumenta il tasso di glicolisi
B.La glicolisi richiede NADP+
C.Nella glicolisi, il glucosio viene scisso in due prodotti a tre atomi di carbonio
D.Il prodotto finale della glicolisi nei globuli rossi è il piruvato",c,d.,false
"Quale delle seguenti parole descrive meglio l'eurocentrismo?
A.L'eurocentrismo è uno stile di analisi in cui le società europee vengono confrontate con le società non europee per produrre un confronto imparziale dei meriti relativi di ciascuna.
B.L'eurocentrismo è uno stile di pensiero in cui la valutazione delle società non europee è formulata in termini di presupposti culturali e pregiudizi degli europei.
C.L'eurocentrismo descrive studi o lavori accademici che prendono in considerazione solo i sistemi politici o economici europei.
D.Tutte queste opzioni.",b,b. l'eurocentrismo è uno stile di pensiero in cui la valutazione delle società non europee è formulata in termini di presupposti culturali e pregiudizi degli europei.,true
"Un uomo era il proprietario dell'albergo di nuova costruzione in una città. Il 15 marzo, l'uomo ha ricevuto una telefonata da un venditore che era un distributore di attrezzature alberghiere. Il venditore si offrì di vendere all'uomo 1.000 estintori per il suo hotel. Il venditore ha detto all'uomo che il costo degli estintori sarebbe stato di $ 35.000 (o $ 35 ciascuno), pagabili 90 giorni dopo la consegna. Il venditore ha promesso di installare gli estintori entro e non oltre il 15 aprile. Il 16 marzo, l'uomo ha telefonato al venditore e ha accettato l'offerta. Il giorno seguente, l'uomo inviò il seguente promemoria al venditore: ""Si prega di notare che prenderò uno sconto del 15% per il pagamento in contanti sette giorni dopo l'installazione. "" Il venditore ha ricevuto la corrispondenza dell'uomo il 20 marzo. Il 1° aprile, il venditore ha inviato un telegramma all'uomo, affermando: ""È evidente che non abbiamo un contratto esecutivo in vigore. Non consegnerò gli estintori il 15 aprile o in qualsiasi altro momento. ""L'uomo fa causa al venditore per violazione del contratto. Il venditore fa valere la difesa dello statuto delle frodi ai sensi del CDU. Quale delle seguenti è l'affermazione più accurata per quanto riguarda le difese del venditore?
A.La difesa del venditore è valida, perché la nota dell'uomo non era sufficiente per indicare che era stato stipulato un contratto.
B.La difesa del venditore è valida, perché la nota dell'uomo era incoerente con i termini dell'offerta orale del venditore.
C.La difesa del venditore non è valida, perché il venditore non ha risposto al promemoria dell'uomo entro un periodo di tempo ragionevole.
D.La difesa del venditore non è valida, perché ai sensi del CDU lo statuto delle frodi non è applicabile negli accordi tra commercianti.",a,"b. la difesa del venditore è valida, perché la nota dell'uomo era incoerente con i termini dell'offerta orale del venditore.",false
"La guida negligente di un automobilista ha ferito gravemente un altro conducente. L'automobilista è stato citato per aver viaggiato nella corsia sbagliata e ha pagato una multa. L'automobilista aveva un limite di polizza di soli $ 15.000 per la responsabilità civile verso terzi sulla sua polizza assicurativa. Dopo aver fornito all'assicuratore dell'automobilista un rapporto medico completo, tutte le fatture mediche, le cartelle cliniche e altre prove richieste dei danni, il richiedente danneggiato ha richiesto i limiti della polizza. Il ricorrente ha comunicato che sarebbe stata presentata una richiesta di risarcimento in malafede se i massimali della polizza non fossero stati pagati immediatamente. La compagnia assicurativa ha rifiutato il pagamento senza spiegazioni. Una giuria ha assegnato al ricorrente ferito 200.000 dollari. L'attore danneggiato ha ottenuto una cessione firmata dall'automobilista negligente che concedeva all'attore tutti i diritti che l'automobilista avrebbe potuto avere nei confronti del suo assicuratore. Il tribunale probabilmente costringerà la compagnia assicurativa a pagare l'intero importo del verdetto della giuria alla persona lesa in base a questi fatti?
A.Il limite della polizza è di $ 15.000 e questo è tutto ciò che può essere riscosso dalla persona infortunata, non c'è azione per malafede su un contratto assicurativo.
B.La compagnia assicurativa ha violato il patto implicito di buona fede e correttezza che è implicito in ogni contratto assicurativo e deve pagare l'intero importo della sentenza.
C.La malafede è personale per l'assicurato e il suo assicuratore, la cessione non era valida e la persona lesa non ha alcun diritto di costringere l'assicuratore a pagare.
D.La parte lesa deve far valere l'intera sentenza nei confronti dell'automobilista e non può mai perseguire l'assicuratore per tale importo.",c,b. la compagnia assicurativa ha violato il patto implicito di buona fede e correttezza che è implicito in ogni contratto assicurativo e deve pagare l'intero importo della sentenza.,false
"La polizia ha ricevuto una soffiata da un informatore affidabile secondo cui un uomo stava spacciando cocaina da casa sua. Gli agenti hanno quindi presentato a un magistrato una dichiarazione giurata che espone le circostanze che mostrano una probabile causa per l'emissione di un mandato di perquisizione. Il magistrato ha emesso un mandato di perquisizione per stupefacenti all'indirizzo dell'uomo. Gli agenti di polizia si sono recati a casa dell'uomo e hanno suonato il campanello. Quando nessuno ha risposto, la polizia ha fatto irruzione ed è entrata nell'abitazione. Hanno perquisito le stanze al primo piano e non hanno trovato prove incriminanti, poi sono usciti e hanno notato un ingresso separato che portava al secondo piano dell'abitazione. Salirono le scale ed entrarono in una camera da letto al piano superiore. All'interno della stanza gli agenti hanno trovato una scorta di cocaina su un comò. Mentre gli agenti stavano continuando la loro perquisizione della camera da letto, l'imputato è entrato nella stanza. La polizia ha chiesto all'imputato se fosse lui l'uomo. L'imputato si è identificato e ha detto alla polizia che si trovavano nella sua camera da letto e che occupava il secondo piano dell'abitazione. L'imputato ha spiegato che l'uomo risiedeva al primo piano e che la sua abitazione era separata da quella dell'imputato. Ciononostante, l'imputato è stato posto in stato di arresto e accusato di possesso di cocaina. L'imputato ha presentato una mozione per escludere la cocaina dall'ammissione come prova. L'istanza del convenuto deve essere
A.concesso, perché il mandato non nominava l'imputato.
B.Concesso, perché il mandato non indicava con precisione l'area da perquisire.
C.negato, perché la polizia credeva ragionevolmente di perquisire la residenza dell'uomo quando è entrato nell'abitazione dell'imputato.
D.negato, perché il mandato era valido ed emesso con una causa probabile.",c,"c. negato, perché la polizia credeva ragionevolmente di perquisire la residenza dell'uomo quando è entrato nell'abitazione dell'imputato.",true
"Per quale di questi due scenari il personaggio principale (che usa io/me/mio) fa qualcosa di chiaramente moralmente sbagliato, secondo gli standard morali ordinari negli Stati Uniti a partire dal 2020? Scenario 1 | Ho sbattuto sui miei break per perdere la palla mentre arrivava sulla strada. Scenario 2 | Ho insegnato ai miei figli a suonare lo xilofono.
A.Sbagliato, sbagliato
B.Sbagliato, non sbagliato
C.Non sbagliato, sbagliato
D.Non sbagliato, non sbagliato",d,"a. sbagliato, sbagliato",false
"Un candidato write-in è un messicano-americano ed è dell'opinione che abbia bisogno di una grande affluenza di elettori messicani per vincere le elezioni. Di conseguenza, il responsabile della sua campagna elettorale decide di spedire a ogni elettore messicano registrato un adesivo a strappo, che riporta il nome del candidato e la carica per la quale è in corsa. Dal momento che molti nativi messicani non sono abili nel leggere e scrivere l'inglese, il responsabile della campagna ritiene che molti degli elettori avranno difficoltà a scrivere il nome e l'ufficio del candidato sulla scheda elettorale. Di conseguenza, il responsabile della campagna ha organizzato un'ampia campagna mediatica per informare gli elettori su come applicare gli adesivi sulla scheda elettorale. Cinque mesi prima delle elezioni, un funzionario elettorale notifica al comitato elettorale del candidato che gli adesivi a strappo non sono conformi allo statuto statale. Nella sua lettera, il funzionario spiega che i funzionari elettorali statali sono dell'opinione che sia necessario che i potenziali elettori scrivano il nome del candidato con l'inchiostro. Pertanto, conclude che gli adesivi non sono conformi ai requisiti di legge. Tre settimane dopo, il candidato ha intentato una causa presso il tribunale distrettuale federale contro i funzionari elettorali statali sostenendo che la loro interpretazione dello statuto statale viola la Costituzione degli Stati Uniti. Quale delle seguenti affermazioni, se accertate, espone l'argomento costituzionale più forte a sostegno dell'interpretazione dello statuto da parte del funzionario elettorale?
A.L'affluenza alle urne tra gli elettori messicani americani registrati che non conoscono l'inglese è stata inferiore all'1% dell'intero totale statale nelle ultime elezioni.
B.Uno statuto statale richiede che ogni cabina elettorale sia dotata di una penna a inchiostro per facilitare la scrittura dei voti.
C.Poiché un numero elevato di voti write-in generalmente aumenta il tempo necessario per il conteggio di tutti i voti, è necessario esprimere tali voti in modo uniforme.
D.Il potenziale di frode elettorale è sostanzialmente maggiore con gli adesivi prestampati.",d,b. uno statuto statale richiede che ogni cabina elettorale sia dotata di una penna a inchiostro per facilitare la scrittura dei voti.,false
"Quale delle seguenti affermazioni è corretta in relazione ai cambiamenti nelle stime contabili?
A.La maggior parte dei cambiamenti nelle stime contabili sono contabilizzati retroattivamente.
B.Ogniqualvolta non sia possibile determinare se si sia verificato un cambiamento in una stima o un cambiamento nel principio contabile, il cambiamento dovrebbe essere considerato un cambiamento di principio.
C.Ogniqualvolta non sia possibile determinare se si sia verificato un cambiamento nella stima contabile o un cambiamento nel principio contabile, il cambiamento dovrebbe essere considerato un cambiamento nella stima.
D.È più facile distinguere tra un cambiamento nella stima contabile e un cambiamento nel principio contabile che distinguere tra un cambiamento nella stima contabile e una correzione di un errore.",c,"c. ogniqualvolta non sia possibile determinare se si sia verificato un cambiamento nella stima contabile o un cambiamento nel principio contabile, il cambiamento dovrebbe essere considerato un cambiamento nella stima.",true
"Quale delle seguenti descrive meglio le linee guida etiche riguardanti l'intimità sessuale con ex clienti in terapia?
A.Agli psicologi è proibito avere intimità sessuali con ex clienti della terapia in qualsiasi circostanza.
B.Agli psicologi è vietato avere intimità sessuali con ex clienti della terapia per almeno un anno dopo la fine della terapia.
C.Agli psicologi è proibito avere intimità sessuali con ex clienti della terapia in determinate circostanze (ad esempio, quando c'è un rischio di sfruttamento).
D.Agli psicologi non è proibito avere intimità sessuali con ex clienti della terapia.",c,a. agli psicologi è proibito avere intimità sessuali con ex clienti della terapia in qualsiasi circostanza.,false
"All'interno di quale area delle pubbliche relazioni è probabile che si verifichi l'attività di lobbying?
A.Corporativo
B.Relazioni finanziarie
C.Affari pubblici
D.Da azienda a azienda",c,c. affari pubblici,true
"Un dipendente di una grande azienda manifatturiera trova il lavoro noioso e lo persegue solo per i soldi. Il dipendente si comporta in modo minimo e non è motivato a produrre la massima quantità o una migliore qualità. Secondo la teoria dei due fattori di F. Herzberg, il modo migliore per aumentare l'automotivazione di questo lavoratore sarebbe quello di
A.offrire un aumento e incentivare la retribuzione per una maggiore produttività
B.Riprogetta il lavoro per fornire una sfida e un senso di realizzazione
C.aumentare le opportunità di interazione sociale informata
D.fornire al dipendente una marea lavorativa che porti maggiore prestigio",b,b. riprogetta il lavoro per fornire una sfida e un senso di realizzazione,true
